job_position,job_company,job_location,job_last_update
Communications Associate,Target,"Bengaluru, Karnataka, India",2020-12-05
Social Media Marketing Internship,Nykaa,"Bengaluru, Karnataka, India",2020-12-10
Business Development Executive,Junior's Brands Private Limited,"Bengaluru, Karnataka, India",2020-12-21
Key Account Manager-Online,Bestseller India,"Bengaluru, Karnataka, India",2020-12-17
Content Writer,Swiggy,"Bengaluru, Karnataka, India",2020-12-20
Administrative Assistant,,"Bengaluru, Karnataka, India",2020-12-21
HR Analyst,Finastra,"Bengaluru, Karnataka, India",2020-12-21
Business Analyst,peel-works,"Bengaluru, Karnataka, India",2020-12-21
"Trainee, Media Co ordinator",Saks Fifth Avenue,"Bengaluru, Karnataka, India",2020-12-08
Event Coordinator,wiTTyMinds Technologies,"Bengaluru, Karnataka, India",2020-12-20
Analyst - Advisor Support - Wealth Management,JPMorgan Chase & Co.,"Bengaluru, Karnataka, India",2020-12-21
Assistant Store Manager,Just Dogs India,"Bengaluru, Karnataka, India",2020-12-21
Customer Support Executive,Dukaan®,"Bengaluru, Karnataka, India",2020-12-20
Finance and Performance | Project Manager ,Deloitte India,"Bengaluru, Karnataka, India",2020-12-21
Treebo - Online Travel Support Agent (0-1 yrs) Bangalore (After-Sales / Customer Service),Treebo Hotels,"Bengaluru, Karnataka, India",2020-12-12
Freelance Recruiter (Work from Home),CrewKarma Networks,"Bengaluru, Karnataka, India",2020-12-17
Analyst - I,Dunzo,"Bengaluru, Karnataka, India",2020-12-18
Urgent Opening For Entertainment Writer-Work from Home,Pepper Media,"Bengaluru, Karnataka, India",2020-12-10
Talent Acquisition Sourcer,Zeta Suite,"Bengaluru, Karnataka, India",2020-12-18
Senior Customer Service Representative,Living Food Company,"Bengaluru, Karnataka, India",2020-12-19
Paid Social Specialist,Mastree,"Bengaluru, Karnataka, India",2020-12-15
Freelance Recruiter (Work from Home),CrewKarma Networks,"Bengaluru, Karnataka, India",2020-12-17
Analyst - I,Dunzo,"Bengaluru, Karnataka, India",2020-12-18
Urgent Opening For Entertainment Writer-Work from Home,Pepper Media,"Bengaluru, Karnataka, India",2020-12-10
Talent Acquisition Sourcer,Zeta Suite,"Bengaluru, Karnataka, India",2020-12-18
Senior Customer Service Representative,Living Food Company,"Bengaluru, Karnataka, India",2020-12-19
Paid Social Specialist,Mastree,"Bengaluru, Karnataka, India",2020-12-15
Fresh Engineering Graduates | A beverage startup | 0-1 years,Talent500 by ANSR,"Bengaluru, Karnataka, India",2020-11-22
Officer - Stores,Cipla,"Bengaluru, Karnataka, India",2020-12-14
"Head, Customer Success",Milaap,"Bengaluru, Karnataka, India",2020-12-15
Supply Operations Specialist,PVH Corp.,"Bengaluru, Karnataka, India",2020-12-14
Point Assistant Manager ( 62695438 ),Reliance Jio,"Bengaluru, Karnataka, India",2020-12-10
Product Support Specialist DE,Practo,"Bengaluru, Karnataka, India",2020-11-21
Manager Investigations,Amazon,"Bengaluru, Karnataka, India",2020-12-11
Accounts Internship,Agora India,"Bengaluru, Karnataka, India",2020-12-13
Sales Support & Order Management Associate,Postman,"Bengaluru, Karnataka, India",2020-12-17
Executive-Digital Marketing,Cleartrip.com,"Bengaluru, Karnataka, India",2020-11-26
Product Support Specialist DE,Practo,"Bengaluru, Karnataka, India",2020-11-21
Manager Investigations,Amazon,"Bengaluru, Karnataka, India",2020-12-11
Accounts Internship,Agora India,"Bengaluru, Karnataka, India",2020-12-13
Sales Support & Order Management Associate,Postman,"Bengaluru, Karnataka, India",2020-12-17
Executive-Digital Marketing,Cleartrip.com,"Bengaluru, Karnataka, India",2020-11-26
Business Development Manager,Easebuzz,"Bengaluru, Karnataka, India",2020-12-15
Operations Executive,ShareChat,"Bengaluru, Karnataka, India",2020-12-18
RedSeer Consulting - Associate Consultant (0-3 yrs) Bangalore,RedSeer,"Bengaluru, Karnataka, India",2020-12-12
Executive Assistant,Ericsson,"Bengaluru, Karnataka, India",2020-12-18
Customer Support Associate,Quizizz Inc.,"Bengaluru, Karnataka, India",2020-12-16
Business Operations Associate,Zendrive,"Bengaluru, Karnataka, India",2020-12-16
Associate Consultant,OpenText,"Bengaluru, Karnataka, India",2020-12-21
Creative Lead,Rockstar Social India,"Bengaluru, Karnataka, India",2020-12-14
Member Technology Lead,WeWork India,"Bengaluru, Karnataka, India",2020-12-21
Product Analyst,upGrad,"Bengaluru, Karnataka, India",2020-11-23
add posting work part Time Job/Data Entry/Work From Home/Freelancing/Home Based,Aspire Holidays,"Bengaluru, Karnataka, India",2020-11-21
Talent Acquisition Executive,smallcase,"Bengaluru, Karnataka, India",2020-12-09
Associate Consultant,Sattva Consulting,"Bengaluru, Karnataka, India",2020-12-18
Customer Service Executive (1-2 years),Infilect,"Bengaluru, Karnataka, India",2020-12-17
add posting work part Time Job/Data Entry/Work From Home/Freelancing/Home Based,Aspire Holidays,"Bengaluru, Karnataka, India",2020-11-21
Talent Acquisition Executive,smallcase,"Bengaluru, Karnataka, India",2020-12-09
Associate Consultant,Sattva Consulting,"Bengaluru, Karnataka, India",2020-12-18
Customer Service Executive (1-2 years),Infilect,"Bengaluru, Karnataka, India",2020-12-17
Customer Interaction Specialist,Cloudera,"Bengaluru, Karnataka, India",2020-12-21
Technical Project Manager,Infinx,"Bengaluru, Karnataka, India",2020-12-21
Walk-in - Process Associates,TollPlus LLC,"Bengaluru, Karnataka, India",2020-12-13
Project Lead,HARMAN International,"Bengaluru, Karnataka, India",2020-12-12
Sales Manager,Softcell Technologies Global Pvt. Ltd.,"Bengaluru, Karnataka, India",2020-12-21
Strategy Consultant - Sales Operations,Zycus,"Bengaluru, Karnataka, India",2020-11-23
Customer Care Support - O2A,Telstra,"Bengaluru, Karnataka, India",2020-12-11
Creative Designer,Myntra,"Bengaluru, Karnataka, India",2020-12-20
Business Analyst,Société Générale,"Bengaluru, Karnataka, India",2020-12-18
Media Associate,KENS LIMITED,"Bengaluru, Karnataka, India",2020-12-13
Delivery Manager,Best Infosystems Ltd.,"Bengaluru, Karnataka, India",2020-12-21
Research Assistant,TransPerfect,"Bangalore Urban, Karnataka, India",2020-12-18
Senior Business Analyst,nurture.farm,"Bangalore Urban, Karnataka, India",2020-12-14
Strategy Consultant - Sales Operations,Zycus,"Bengaluru, Karnataka, India",2020-11-23
Customer Care Support - O2A,Telstra,"Bengaluru, Karnataka, India",2020-12-11
Creative Designer,Myntra,"Bengaluru, Karnataka, India",2020-12-20
Business Analyst,Société Générale,"Bengaluru, Karnataka, India",2020-12-18
Media Associate,KENS LIMITED,"Bengaluru, Karnataka, India",2020-12-13
Delivery Manager,Best Infosystems Ltd.,"Bengaluru, Karnataka, India",2020-12-21
Research Assistant,TransPerfect,"Bangalore Urban, Karnataka, India",2020-12-18
Senior Business Analyst,nurture.farm,"Bangalore Urban, Karnataka, India",2020-12-14
Product Analyst,Anarock Technology,"Bengaluru, Karnataka, India",2020-12-14
Territory Manager Virtual Office,Bajaj Allianz General Insurance,"Bengaluru South, Karnataka, India",2020-12-21
Non-Voice (Chat Process),Your Pitchh,"Bengaluru, Karnataka, India",2020-12-16
Hiring freshers For Business Development Managers For Edtech Startup!!,ZG STAFFING SOLUTIONS PVT LTD,"Bengaluru, Karnataka, India",2020-12-16
Intern,State Street,"Bengaluru, Karnataka, India",2020-12-16
Data Entry Internship In Bangalore At Explorex,EXPLOREX,"Bengaluru, Karnataka, India",2020-12-15
Marketing and Communications,CGI,"Bengaluru, Karnataka, India",2020-12-15
Partner Operations - Communication Associate,Laundryheap,"Bengaluru, Karnataka, India",2020-12-11
Operations Analyst,Thomson Reuters,"Bengaluru, Karnataka, India",2020-12-19
Hiring freshers For Business Development Managers For Edtech Startup!!,ZG STAFFING SOLUTIONS PVT LTD,"Bengaluru, Karnataka, India",2020-12-16
Intern,State Street,"Bengaluru, Karnataka, India",2020-12-16
Data Entry Internship In Bangalore At Explorex,EXPLOREX,"Bengaluru, Karnataka, India",2020-12-15
Marketing and Communications,CGI,"Bengaluru, Karnataka, India",2020-12-15
Partner Operations - Communication Associate,Laundryheap,"Bengaluru, Karnataka, India",2020-12-11
Operations Analyst,Thomson Reuters,"Bengaluru, Karnataka, India",2020-12-19
Intern (Bachelor's),Garrett - Advancing Motion,"Bengaluru, Karnataka, India",2020-12-16
Associate,Apprentice Education & Consulting Services LLP,"Bengaluru, Karnataka, India",2020-12-16
Performance Marketing Executive,The Better India,"Bengaluru, Karnataka, India",2020-12-19
Executive,Lybrate,"Bengaluru, Karnataka, India",2020-12-16
Customer Success Associate,Learngram,"Bengaluru, Karnataka, India",2020-12-13
Research Associate III,Baxter International Inc.,"Bengaluru, Karnataka, India",2020-12-16
Engineer,Arm,"Bengaluru, Karnataka, India",2020-12-21
Customer Happiness Champion - Email,WazirX,"Bengaluru, Karnataka, India",2020-12-17
HR Recruiter,DayToDay Health,"Bengaluru, Karnataka, India",2020-12-17
Education Counsellor,EduBridge Learning Pvt. Ltd.,"Bengaluru, Karnataka, India",2020-12-13
Operation Executive,Cappricos Technology Solutions,"Bengaluru, Karnataka, India",2020-12-16
Admin Assistant,Business Tycoon Academy,"Bengaluru, Karnataka, India",2020-12-16
Customer Service Representative,IBS Electronics Group,"Bengaluru, Karnataka, India",2020-12-17
Customer Care Executives,IIFL (India Infoline Group),"Bengaluru, Karnataka, India",2020-12-13
Junior Associate - Portfolio / Paralegal,Intepat IP ,"Bengaluru, Karnataka, India",2020-11-21
Education Counsellor,EduBridge Learning Pvt. Ltd.,"Bengaluru, Karnataka, India",2020-12-13
Operation Executive,Cappricos Technology Solutions,"Bengaluru, Karnataka, India",2020-12-16
Admin Assistant,Business Tycoon Academy,"Bengaluru, Karnataka, India",2020-12-16
Customer Service Representative,IBS Electronics Group,"Bengaluru, Karnataka, India",2020-12-17
Customer Care Executives,IIFL (India Infoline Group),"Bengaluru, Karnataka, India",2020-12-13
Junior Associate - Portfolio / Paralegal,Intepat IP ,"Bengaluru, Karnataka, India",2020-11-21
Return to Work Program,IHS Markit,"Bengaluru, Karnataka, India",2020-12-09
Information Technology Recruiter,ITConnectUS,"Bengaluru, Karnataka, India",2020-12-21
Product Specialist - Oncology - Bangalore,Novartis India,"Bengaluru, Karnataka, India",2020-12-19
Counsellor,Her Second Innings,"Bengaluru, Karnataka, India",2020-12-13
VP operations,Meyrahkee ,"Bengaluru, Karnataka, India",2020-12-15
General Manager - Strategy,Michael Page,"Bengaluru, Karnataka, India",2020-12-16
hiring freshers work from home,Job Shop,"Bengaluru, Karnataka, India",2020-11-21
Operations Manager,Meero,"Bengaluru, Karnataka, India",2020-11-23
Content Strategist (India),Inspirit,"Bengaluru, Karnataka, India",2020-12-16
Corporate Sales Executive,The HelloWorld,"Bengaluru, Karnataka, India",2020-12-20
"Engagement Manager (Remote) - $400,000/year USD",Crossover for Work,"Bengaluru, Karnataka, India",2020-12-16
Assistant Financial Controller,Oracle,"Bengaluru, Karnataka, India",2020-12-11
Customer Support Executive,CROSSBEATS,"Bengaluru, Karnataka, India",2020-12-16
General Manager - Strategy,Michael Page,"Bengaluru, Karnataka, India",2020-12-16
hiring freshers work from home,Job Shop,"Bengaluru, Karnataka, India",2020-11-21
Operations Manager,Meero,"Bengaluru, Karnataka, India",2020-11-23
Content Strategist (India),Inspirit,"Bengaluru, Karnataka, India",2020-12-16
Corporate Sales Executive,The HelloWorld,"Bengaluru, Karnataka, India",2020-12-20
"Engagement Manager (Remote) - $400,000/year USD",Crossover for Work,"Bengaluru, Karnataka, India",2020-12-16
Assistant Financial Controller,Oracle,"Bengaluru, Karnataka, India",2020-12-11
Customer Support Executive,CROSSBEATS,"Bengaluru, Karnataka, India",2020-12-16
Learning Partner,Cerner Corporation,"Bengaluru, Karnataka, India",2020-12-17
Office Administrator,ThoughtFocus,"Bengaluru, Karnataka, India",2020-12-10
Research Analyst,Multi Recruit,"Bengaluru, Karnataka, India",2020-12-13
Engineer I,Textron,"Bengaluru South, Karnataka, India",2020-12-21
